Product ID,Product Position,Price,Competitor's Price,Promotion,Foot Traffic,Consumer Demographics,Product Category,Seasonal,Sales Volume,Promotion_numeric
185102,Aisle,17.07,16.16,No,Medium,Families,Clothing,No,2823,0
188771,Aisle,17.41,13.13,No,Low,Seniors,Clothing,No,654,0
180176,End-cap,43.16,38.37,Yes,Medium,Young adults,Electronics,Yes,2220,1
112917,Aisle,42.26,38.98,Yes,Low,Families,Clothing,Yes,1568,1
192936,End-cap,47.94,45.59,No,Medium,College students,Clothing,Yes,2942,0
117590,End-cap,34.5,34.34,No,Medium,Seniors,Clothing,No,2968,0
189118,Front of Store,41.11,40.15,Yes,High,College students,Clothing,Yes,952,1
182157,Aisle,15.75,12.3,No,Low,College students,Clothing,No,2421,0
141861,Aisle,30.07,26.75,Yes,High,Families,Electronics,Yes,1916,1
137121,Aisle,38.0,33.38,No,High,Families,Electronics,Yes,656,0
113143,Aisle,27.42,22.82,Yes,High,College students,Food,Yes,2663,1
140028,Aisle,12.15,9.39,Yes,High,College students,Food,Yes,1260,1
134693,Aisle,31.45,28.93,Yes,Low,College students,Food,No,2124,1
151396,Front of Store,19.81,17.04,Yes,Medium,Families,Food,Yes,729,1
132889,Aisle,15.74,12.8,Yes,Low,Families,Food,Yes,2265,1
152174,End-cap,13.16,12.94,No,Medium,Young adults,Clothing,No,2226,0
129906,Aisle,14.58,14.49,No,Medium,Young adults,Food,No,2089,0
195879,Front of Store,21.03,18.54,Yes,Medium,Young adults,Food,Yes,2339,1
155050,Aisle,19.92,14.93,No,High,College students,Clothing,Yes,2321,0
194410,End-cap,36.2,32.49,No,Low,Young adults,Electronics,No,669,0
141904,End-cap,27.36,23.03,Yes,Medium,College students,Food,Yes,1712,1
124981,Front of Store,42.74,40.29,No,Low,Families,Clothing,Yes,1832,0
161909,Aisle,22.16,20.85,Yes,Medium,Young adults,Electronics,No,1290,1
129152,End-cap,48.51,47.56,No,Low,Seniors,Electronics,No,2356,0
183243,Front of Store,39.32,37.12,Yes,Low,Families,Food,No,1524,1
198248,Front of Store,27.81,23.4,Yes,High,Seniors,Clothing,No,1644,1
191230,End-cap,49.95,45.65,No,High,Young adults,Clothing,No,966,0
187234,Front of Store,39.27,35.55,Yes,Low,College students,Clothing,Yes,2575,1
148888,Front of Store,16.92,14.44,No,Low,Families,Clothing,No,2774,0
110805,Front of Store,35.91,34.74,Yes,Medium,Young adults,Food,No,2477,1
179801,Front of Store,46.81,43.04,No,Low,College students,Electronics,Yes,2608,0
134927,Aisle,6.1,5.37,Yes,High,Families,Electronics,Yes,2252,1
123150,End-cap,37.03,34.9,Yes,Medium,Seniors,Electronics,No,2074,1
159145,End-cap,19.01,18.27,Yes,High,Seniors,Electronics,No,2579,1
172364,Aisle,12.3,10.3,Yes,High,College students,Clothing,No,2931,1
178281,End-cap,11.64,7.89,No,Low,College students,Electronics,Yes,1145,0
194339,End-cap,18.2,16.18,No,Low,Seniors,Clothing,No,1792,0
174412,Aisle,23.93,19.71,No,Low,Young adults,Electronics,Yes,1796,0
114877,Aisle,21.76,21.09,No,Medium,College students,Clothing,No,1860,0
140727,End-cap,15.89,12.07,Yes,High,Families,Clothing,Yes,1002,1
133109,Front of Store,36.13,31.33,No,High,Families,Clothing,Yes,2063,0
127296,Aisle,34.02,32.31,No,Low,Families,Food,No,1165,0
133757,Aisle,7.38,3.97,Yes,High,Families,Electronics,No,2071,1
111760,End-cap,19.3,17.41,No,Low,College students,Clothing,No,1474,0
198375,End-cap,7.1,6.84,No,Low,Seniors,Clothing,No,2202,0
168837,Aisle,43.43,38.54,No,Low,Families,Electronics,No,665,0
138505,Front of Store,46.72,42.48,No,Low,Seniors,Food,No,2478,0
116228,End-cap,36.32,32.95,Yes,Medium,Families,Clothing,No,647,1
167592,Front of Store,17.76,16.84,Yes,Medium,Seniors,Food,No,707,1
133100,End-cap,47.78,43.18,Yes,Medium,Families,Clothing,No,2729,1
119955,Front of Store,34.12,32.94,No,High,Young adults,Electronics,No,1590,0
189349,End-cap,45.91,42.91,Yes,Medium,Seniors,Electronics,No,1245,1
127478,Front of Store,29.3,26.06,No,Low,Young adults,Clothing,Yes,2498,0
180661,Front of Store,39.96,36.05,No,High,Young adults,Food,Yes,1041,0
186681,End-cap,39.46,35.1,No,Low,Young adults,Food,Yes,1717,0
133183,Front of Store,45.07,44.26,Yes,Low,Families,Electronics,Yes,2859,1
173508,Aisle,13.67,13.18,Yes,High,Families,Food,No,1658,1
187930,End-cap,19.95,19.19,No,Medium,College students,Electronics,Yes,706,0
124088,End-cap,48.71,46.44,Yes,High,Young adults,Electronics,Yes,2065,1
190238,Front of Store,34.67,32.6,No,High,Seniors,Clothing,Yes,1917,0
151925,End-cap,47.63,42.99,Yes,Medium,Seniors,Food,Yes,2179,1
163234,Front of Store,12.03,7.97,No,Medium,Young adults,Clothing,No,1633,0
135610,Aisle,36.04,35.59,Yes,High,College students,Electronics,Yes,1513,1
117065,Aisle,47.39,47.31,Yes,High,Seniors,Electronics,Yes,758,1
149315,End-cap,24.71,24.08,Yes,Low,Families,Electronics,No,718,1
149510,Aisle,36.18,34.02,No,High,Young adults,Clothing,Yes,1412,0
137990,Aisle,12.01,10.23,No,High,Seniors,Clothing,No,2929,0
154016,End-cap,46.04,42.05,Yes,High,Seniors,Food,Yes,2366,1
117751,Aisle,10.0,5.63,No,Medium,Seniors,Electronics,No,2749,0
182362,Front of Store,14.1,13.51,No,Low,Families,Electronics,No,2019,0
117725,Aisle,40.15,35.86,No,Low,Seniors,Food,Yes,1506,0
145289,End-cap,30.65,30.08,No,High,Families,Clothing,No,1012,0
173576,End-cap,46.74,46.32,Yes,Medium,College students,Electronics,No,1838,1
175059,Aisle,19.16,18.62,Yes,High,Seniors,Food,No,2170,1
199368,Front of Store,31.93,27.22,No,Low,Families,Clothing,Yes,1061,0
162883,Front of Store,18.3,14.19,Yes,Low,Seniors,Food,No,786,1
135490,Front of Store,18.72,17.29,No,Medium,Families,Clothing,No,1094,0
125408,End-cap,21.79,18.92,Yes,High,College students,Clothing,Yes,2220,1
134763,Front of Store,18.75,17.42,No,Low,College students,Clothing,Yes,2048,0
143231,Aisle,44.2,42.72,No,Low,Families,Food,No,2578,0
125409,End-cap,42.55,40.35,Yes,High,College students,Clothing,No,2040,1
183074,Aisle,34.15,30.46,No,Low,College students,Clothing,No,2791,0
147947,Aisle,19.24,15.64,Yes,High,Young adults,Clothing,Yes,1249,1
174171,Front of Store,8.01,5.34,Yes,Medium,Seniors,Food,Yes,2273,1
183064,Front of Store,19.25,17.13,Yes,Low,Young adults,Electronics,No,1773,1
177131,Aisle,47.16,43.78,Yes,High,Families,Food,Yes,1733,1
128179,End-cap,38.75,35.22,Yes,High,Seniors,Electronics,No,2060,1
152723,Aisle,44.16,42.34,No,High,Seniors,Food,Yes,2849,0
123824,Aisle,32.35,28.97,Yes,Low,Families,Electronics,No,2277,1
166345,Aisle,40.77,39.73,No,Low,Seniors,Electronics,Yes,1135,0
199279,Aisle,18.36,15.23,No,Low,Seniors,Electronics,No,1770,0
167981,End-cap,37.4,37.29,No,High,College students,Clothing,No,730,0
146839,Aisle,10.04,7.54,No,Medium,College students,Food,No,1525,0
187180,Front of Store,47.5,46.74,No,High,Families,Electronics,Yes,647,0
167640,End-cap,46.56,43.71,Yes,High,Families,Electronics,Yes,1017,1
165158,Front of Store,40.44,37.89,No,Low,College students,Food,No,1622,0
111521,Front of Store,31.98,27.82,Yes,High,Seniors,Food,Yes,2553,1
120228,End-cap,15.92,13.41,No,High,Seniors,Food,No,2347,0
133078,Aisle,48.34,45.21,No,Low,Families,Clothing,Yes,2535,0
137598,Aisle,38.21,37.69,No,Medium,Families,Electronics,Yes,2839,0
138779,Front of Store,44.97,42.24,Yes,Low,Families,Clothing,Yes,2801,1
198329,Front of Store,19.55,15.77,Yes,Low,Young adults,Electronics,Yes,628,1
110295,End-cap,13.1,8.47,Yes,Low,Young adults,Electronics,No,1448,1
196427,Aisle,36.73,31.98,Yes,Low,Families,Electronics,No,1401,1
110075,Front of Store,42.96,41.45,Yes,Medium,College students,Electronics,Yes,2185,1
132322,Front of Store,37.74,34.99,Yes,Low,Families,Clothing,No,2135,1
199631,Front of Store,14.8,14.51,Yes,Medium,Families,Electronics,No,1269,1
182306,Front of Store,5.93,5.84,No,Medium,Seniors,Food,No,2805,0
194915,Aisle,23.91,21.1,Yes,Low,Seniors,Food,No,1796,1
131298,End-cap,41.46,37.69,Yes,Medium,College students,Electronics,No,2133,1
168571,Aisle,10.78,6.39,No,High,Seniors,Electronics,No,1778,0
154224,End-cap,22.69,21.79,Yes,Medium,Families,Food,No,2474,1
171061,Aisle,23.25,22.71,No,Low,College students,Electronics,Yes,2032,0
119049,Aisle,16.24,11.33,No,Low,Seniors,Clothing,Yes,1659,0
158781,End-cap,19.91,16.77,Yes,Medium,Young adults,Clothing,Yes,2443,1
151438,Aisle,5.41,2.73,No,Medium,Seniors,Food,Yes,1137,0
152871,End-cap,13.39,12.76,No,High,Families,Clothing,Yes,1847,0
126806,End-cap,40.27,37.16,Yes,High,Young adults,Clothing,Yes,2404,1
134104,End-cap,23.84,21.61,No,Medium,College students,Electronics,Yes,1466,0
120266,Front of Store,20.04,16.05,No,High,Families,Electronics,No,2328,0
173550,End-cap,33.0,29.46,No,Medium,Families,Electronics,Yes,1431,0
175927,End-cap,22.25,21.68,No,Medium,Young adults,Clothing,Yes,1506,0
154278,End-cap,17.07,16.29,No,Medium,Seniors,Clothing,Yes,2749,0
183537,Front of Store,40.64,36.61,Yes,Low,College students,Electronics,Yes,2434,1
150424,Front of Store,25.47,25.19,No,Medium,Young adults,Food,Yes,2067,0
183825,Aisle,42.7,40.51,Yes,Low,Families,Clothing,Yes,2989,1
144012,Front of Store,33.28,31.57,Yes,Low,Families,Electronics,No,743,1
147051,Front of Store,31.59,28.91,No,Low,Young adults,Electronics,No,2325,0
185800,End-cap,24.2,21.33,No,Medium,College students,Electronics,Yes,1841,0
197524,Aisle,31.52,28.79,Yes,Low,Seniors,Clothing,Yes,2231,1
148823,Aisle,12.31,8.65,No,Low,Seniors,Clothing,Yes,2211,0
114550,End-cap,28.13,25.72,No,Low,Young adults,Clothing,No,2114,0
125398,Aisle,48.12,43.56,Yes,High,College students,Electronics,Yes,1350,1
123985,End-cap,9.52,6.43,No,High,Seniors,Electronics,No,2240,0
186638,End-cap,18.78,17.11,Yes,High,College students,Electronics,No,1296,1
167281,End-cap,19.49,16.8,Yes,High,Families,Electronics,Yes,892,1
118578,End-cap,9.07,6.59,No,High,Seniors,Clothing,Yes,1678,0
174041,End-cap,5.06,4.51,No,Medium,Seniors,Electronics,No,2016,0
127644,Front of Store,36.48,36.14,No,Low,Young adults,Clothing,Yes,1498,0
132007,Aisle,38.63,35.08,No,Low,Families,Clothing,Yes,2491,0
147998,Aisle,36.43,34.91,No,Low,Young adults,Clothing,No,2556,0
176666,Aisle,43.93,41.71,Yes,Low,Families,Food,No,2852,1
193686,Aisle,25.07,21.6,Yes,Medium,College students,Food,No,1899,1
163610,Front of Store,39.37,36.12,Yes,High,Families,Food,No,2466,1
170364,Aisle,7.88,6.55,No,Medium,College students,Food,No,818,0
167599,Aisle,13.94,11.06,No,Medium,Young adults,Clothing,No,1500,0
166421,End-cap,44.85,39.96,Yes,High,Young adults,Clothing,No,2878,1
129247,Front of Store,47.79,45.05,Yes,Low,College students,Electronics,No,2386,1
127314,End-cap,13.34,11.51,Yes,Medium,Families,Food,Yes,2076,1
111979,Front of Store,21.28,19.52,No,Medium,Families,Food,No,2734,0
120354,Aisle,37.15,35.98,Yes,High,Seniors,Food,No,2836,1
144848,Front of Store,18.58,16.19,No,Medium,College students,Clothing,No,2193,0
111957,Aisle,37.86,33.73,Yes,High,Seniors,Food,No,2164,1
160763,Front of Store,20.34,17.62,Yes,High,College students,Electronics,Yes,991,1
168270,End-cap,37.62,37.33,Yes,Medium,Young adults,Clothing,Yes,1525,1
195082,Front of Store,16.74,14.22,No,Low,Families,Electronics,No,923,0
110329,Front of Store,44.11,43.31,No,Low,College students,Clothing,Yes,2397,0
147449,End-cap,12.89,10.18,No,Low,Families,Electronics,No,1191,0
193332,Aisle,37.73,36.7,Yes,Low,College students,Electronics,No,1237,1
146804,Aisle,14.38,11.45,Yes,Medium,Families,Food,No,1504,1
188909,Aisle,16.99,16.98,Yes,Medium,Seniors,Food,Yes,2863,1
165910,End-cap,39.26,37.8,Yes,High,College students,Clothing,No,2760,1
136738,Front of Store,36.52,31.9,No,Low,Seniors,Electronics,Yes,542,0
144497,End-cap,31.39,28.18,Yes,Low,Young adults,Food,Yes,1105,1
135036,End-cap,46.1,42.07,Yes,Low,College students,Clothing,No,1435,1
166331,Aisle,19.28,17.22,Yes,Low,Families,Electronics,Yes,2877,1
139789,Aisle,6.22,3.38,No,High,Families,Food,Yes,1094,0
118569,Aisle,40.06,39.41,No,Medium,Young adults,Clothing,Yes,994,0
155848,End-cap,46.91,46.85,Yes,Medium,Seniors,Electronics,No,1942,1
152563,Front of Store,42.42,40.6,No,Low,College students,Electronics,Yes,2572,0
115153,Aisle,30.55,26.84,No,Medium,Families,Electronics,No,1736,0
125938,Aisle,39.07,37.81,Yes,High,Young adults,Clothing,Yes,1204,1
122809,End-cap,47.47,43.47,No,High,Young adults,Clothing,Yes,1592,0
181502,Front of Store,10.83,8.48,Yes,High,Young adults,Electronics,No,2591,1
182779,End-cap,7.27,4.93,Yes,Low,Young adults,Food,Yes,2097,1
155674,Front of Store,16.91,14.52,No,Low,Families,Clothing,No,897,0
182866,Aisle,41.95,40.42,No,High,Seniors,Clothing,Yes,1552,0
148230,Front of Store,49.98,45.42,Yes,Medium,Young adults,Clothing,No,2494,1
126979,Front of Store,30.53,30.01,No,High,Seniors,Clothing,No,2141,0
135521,End-cap,5.38,1.63,No,Medium,Young adults,Electronics,Yes,2835,0
185809,End-cap,47.3,46.34,No,High,Families,Electronics,No,622,0
171520,End-cap,30.02,28.02,Yes,Low,Families,Electronics,Yes,2901,1
122926,End-cap,31.05,27.1,No,Low,Young adults,Food,No,867,0
150953,Front of Store,48.14,47.6,Yes,Low,Young adults,Food,Yes,2434,1
115873,End-cap,43.99,39.08,Yes,High,Seniors,Electronics,Yes,2606,1
115581,Aisle,48.63,46.11,No,Medium,College students,Clothing,Yes,2728,0
183634,Front of Store,25.95,21.98,Yes,Medium,Seniors,Clothing,Yes,2778,1
122484,Aisle,21.73,16.98,Yes,High,College students,Food,Yes,558,1
183574,Aisle,19.0,14.94,Yes,High,College students,Electronics,Yes,1752,1
185307,Front of Store,41.4,39.95,No,High,Families,Clothing,Yes,2743,0
118719,End-cap,31.62,27.6,No,Medium,College students,Food,Yes,1669,0
134788,Front of Store,36.11,34.17,No,High,College students,Food,No,2179,0
140142,Front of Store,14.5,13.62,Yes,Medium,Young adults,Food,No,606,1
153997,End-cap,15.27,14.61,No,High,College students,Electronics,Yes,1608,0
123230,Aisle,16.59,13.03,No,Medium,Young adults,Clothing,Yes,880,0
154676,Aisle,26.04,23.26,No,Low,College students,Electronics,No,943,0
152985,Aisle,6.25,2.86,Yes,Medium,Seniors,Clothing,Yes,1049,1
175584,Front of Store,10.57,8.54,No,Low,Young adults,Clothing,No,2084,0
147491,End-cap,20.09,19.82,No,Medium,College students,Clothing,No,1563,0
198283,End-cap,25.15,20.84,Yes,Medium,Seniors,Food,Yes,1558,1
141547,End-cap,23.27,19.05,No,High,Families,Food,No,1426,0
156342,Front of Store,38.94,37.62,Yes,High,Seniors,Food,Yes,1466,1
186083,End-cap,28.87,28.36,No,Low,Seniors,Food,Yes,624,0
171776,Aisle,34.06,31.39,Yes,Medium,College students,Food,No,1685,1
134429,Aisle,40.01,37.93,No,High,Seniors,Food,No,2914,0
172816,Aisle,14.36,12.26,No,Medium,Seniors,Food,Yes,1524,0
136272,End-cap,28.47,25.9,No,Low,Young adults,Clothing,Yes,2887,0
193227,End-cap,40.47,39.26,Yes,Low,Seniors,Electronics,Yes,1778,1
165786,End-cap,18.03,13.4,No,High,Families,Electronics,Yes,1278,0
174708,Front of Store,21.75,17.58,No,High,College students,Food,Yes,529,0
142257,Aisle,21.7,18.91,Yes,Medium,Seniors,Clothing,Yes,1180,1
126146,Aisle,34.72,32.73,No,High,Seniors,Electronics,No,2759,0
129134,Aisle,23.29,22.91,No,Medium,College students,Food,Yes,1831,0
129898,End-cap,10.33,6.98,No,Low,Seniors,Electronics,No,1866,0
189692,End-cap,14.58,12.26,Yes,Low,College students,Food,No,1553,1
154846,End-cap,35.78,35.35,Yes,Low,Families,Electronics,No,917,1
122307,End-cap,32.92,31.62,No,Low,Seniors,Clothing,No,702,0
182099,Aisle,35.29,31.65,Yes,Low,Families,Food,No,1978,1
159816,Front of Store,34.76,31.95,No,Medium,College students,Electronics,Yes,1961,0
165326,Aisle,8.86,3.91,No,Medium,Young adults,Clothing,No,1188,0
185154,Aisle,24.95,20.84,Yes,High,Young adults,Food,No,996,1
141330,Aisle,46.1,45.49,No,High,Seniors,Clothing,Yes,1915,0
158958,End-cap,5.62,2.52,No,High,Young adults,Clothing,No,903,0
155010,Aisle,45.12,42.21,Yes,Medium,Families,Electronics,Yes,729,1
135857,Aisle,36.02,34.82,No,Medium,Young adults,Electronics,Yes,2045,0
147690,Aisle,20.14,16.6,Yes,High,Families,Food,No,881,1
130321,End-cap,24.71,23.07,Yes,Low,College students,Clothing,No,2093,1
196752,End-cap,17.3,15.83,No,Medium,College students,Clothing,No,2227,0
181011,Aisle,8.9,4.06,Yes,High,Seniors,Food,Yes,994,1
139967,End-cap,28.7,24.82,No,High,College students,Electronics,No,2634,0
162699,End-cap,49.58,47.36,No,High,Young adults,Electronics,Yes,2732,0
119044,Aisle,36.67,32.79,No,High,College students,Food,Yes,1140,0
121348,End-cap,32.06,29.0,No,High,Seniors,Electronics,Yes,1008,0
163982,Front of Store,17.2,12.21,No,Medium,Families,Clothing,No,2685,0
185774,End-cap,7.33,2.63,Yes,High,College students,Clothing,Yes,1145,1
144651,Aisle,31.45,31.4,Yes,High,Families,Clothing,No,1791,1
195103,Aisle,41.79,41.5,Yes,High,Families,Food,No,2849,1
123047,Aisle,9.88,6.03,No,Low,Seniors,Food,Yes,2985,0
123077,Front of Store,16.27,13.48,No,Medium,Young adults,Electronics,No,1603,0
171860,Aisle,43.18,39.47,Yes,High,Young adults,Electronics,No,707,1
149487,Aisle,25.54,20.91,No,High,Families,Clothing,Yes,1258,0
168516,Front of Store,17.09,14.13,Yes,Medium,College students,Clothing,No,2168,1
177771,End-cap,37.72,36.32,Yes,Low,Young adults,Electronics,Yes,1764,1
172015,End-cap,33.93,30.5,Yes,Medium,College students,Electronics,Yes,2622,1
118985,Aisle,49.12,48.16,No,Medium,Young adults,Clothing,Yes,694,0
112194,Aisle,14.02,10.78,Yes,High,Young adults,Food,Yes,2187,1
113435,Aisle,6.72,3.47,No,Low,Seniors,Food,Yes,2973,0
159182,Front of Store,8.55,4.44,Yes,Medium,Young adults,Electronics,No,1014,1
199233,Aisle,13.99,13.2,Yes,Low,Families,Clothing,No,2222,1
137044,Aisle,46.2,45.42,No,Low,Seniors,Electronics,Yes,2534,0
154736,Front of Store,9.28,7.91,Yes,Medium,Families,Food,Yes,1466,1
141434,Front of Store,46.6,45.81,No,Low,Families,Clothing,Yes,2870,0
155659,Aisle,47.38,42.54,Yes,Medium,Seniors,Food,Yes,2654,1
168643,End-cap,33.26,32.47,No,High,Seniors,Food,No,2166,0
175357,End-cap,23.04,20.07,No,Medium,Families,Clothing,Yes,867,0
137530,Front of Store,45.45,41.12,No,Medium,College students,Food,No,1522,0
153482,Aisle,39.56,36.33,Yes,Low,Young adults,Electronics,No,2969,1
112593,Aisle,41.98,41.17,No,Medium,Young adults,Food,Yes,2651,0
110241,End-cap,28.62,27.0,No,Low,College students,Electronics,No,2353,0
144970,Front of Store,44.16,40.38,No,High,Families,Food,Yes,1461,0
114822,Front of Store,17.98,16.78,Yes,Low,Young adults,Electronics,No,1698,1
153452,Front of Store,34.49,31.14,Yes,Medium,College students,Electronics,Yes,1563,1
144264,End-cap,14.56,11.4,Yes,Low,Families,Electronics,Yes,2516,1
128749,Front of Store,44.71,42.78,Yes,Medium,Seniors,Food,No,1061,1
147955,End-cap,19.47,14.6,No,Medium,College students,Food,Yes,1898,0
142210,Front of Store,42.69,38.51,Yes,High,Families,Clothing,No,1959,1
110696,Aisle,33.2,32.63,No,High,Families,Clothing,No,2630,0
111826,Front of Store,29.04,27.7,No,Low,Seniors,Food,No,1926,0
118116,End-cap,38.6,38.23,No,Medium,Young adults,Clothing,No,1857,0
152727,Front of Store,15.44,13.43,No,Low,College students,Clothing,Yes,1383,0
198291,Front of Store,21.52,19.8,Yes,Medium,Seniors,Food,No,2475,1
136227,End-cap,18.39,13.66,No,Medium,College students,Clothing,Yes,2452,0
144031,End-cap,19.87,19.74,No,High,Families,Electronics,Yes,1470,0
198924,End-cap,22.87,19.29,Yes,High,College students,Clothing,Yes,776,1
187922,Front of Store,17.82,17.31,No,Medium,Families,Clothing,Yes,1688,0
168448,End-cap,44.19,40.88,Yes,Medium,College students,Food,Yes,2926,1
192111,Aisle,20.88,17.54,No,Low,Seniors,Electronics,No,737,0
185466,Aisle,14.83,14.72,No,High,Families,Electronics,No,509,0
174277,End-cap,20.76,20.72,No,Medium,Young adults,Food,Yes,2343,0
158519,Aisle,16.41,11.61,Yes,Low,Families,Electronics,No,1986,1
178624,Front of Store,23.22,20.6,No,Medium,Young adults,Food,No,1821,0
123728,Aisle,11.53,9.07,Yes,High,Seniors,Electronics,No,2669,1
197954,Aisle,27.06,22.66,Yes,Low,College students,Food,No,2391,1
133328,Front of Store,16.63,12.63,No,Medium,Young adults,Food,Yes,1241,0
145345,End-cap,37.29,36.95,Yes,High,Young adults,Clothing,No,869,1
116054,Front of Store,43.59,39.42,No,Medium,College students,Electronics,Yes,2931,0
173141,Front of Store,16.63,15.78,Yes,Medium,Families,Electronics,Yes,1721,1
178180,Aisle,25.99,24.45,Yes,Medium,College students,Electronics,No,581,1
129418,End-cap,20.06,16.58,No,Medium,College students,Clothing,Yes,707,0
188708,Front of Store,26.67,25.1,Yes,Medium,Young adults,Food,Yes,666,1
132833,Aisle,31.79,28.82,Yes,Medium,College students,Electronics,No,642,1
146914,Front of Store,41.24,36.64,No,Low,Seniors,Electronics,No,2745,0
113624,Front of Store,47.84,44.86,No,Medium,Families,Food,No,2478,0
180250,Front of Store,12.65,12.61,No,Low,Families,Food,Yes,2906,0
137287,Aisle,46.2,45.85,Yes,High,Families,Food,Yes,611,1
150836,End-cap,34.97,31.08,No,High,Young adults,Food,Yes,734,0
151474,End-cap,29.23,26.88,Yes,High,Families,Clothing,Yes,2366,1
119803,End-cap,43.26,40.82,No,Low,College students,Food,Yes,1580,0
115986,Front of Store,10.16,6.72,Yes,Medium,Seniors,Electronics,Yes,1971,1
181896,Front of Store,10.82,6.8,No,Low,Families,Food,Yes,582,0
115036,End-cap,45.34,41.26,Yes,Low,Young adults,Food,No,961,1
179683,End-cap,5.58,3.41,Yes,Medium,Families,Clothing,Yes,1847,1
151421,Front of Store,26.86,22.38,No,Low,Seniors,Food,Yes,1716,0
169867,End-cap,35.27,33.42,No,Low,Seniors,Electronics,No,1095,0
191946,Aisle,8.84,8.82,No,Medium,Young adults,Electronics,Yes,1507,0
165630,Front of Store,36.42,31.86,Yes,Medium,Young adults,Food,No,2381,1
173122,Front of Store,15.04,10.96,Yes,High,Families,Electronics,Yes,1299,1
137617,End-cap,46.48,43.92,No,Medium,Young adults,Electronics,Yes,931,0
181415,Aisle,44.0,42.4,No,Medium,Families,Food,Yes,2179,0
141652,End-cap,12.79,11.24,No,High,Young adults,Food,Yes,1634,0
161479,End-cap,25.99,23.59,Yes,Medium,Seniors,Food,No,1381,1
152924,End-cap,19.26,15.59,Yes,High,Families,Clothing,No,845,1
176510,End-cap,46.46,43.44,No,Medium,Seniors,Food,No,2075,0
156390,End-cap,30.51,25.84,No,Medium,College students,Food,No,2962,0
177033,Aisle,5.08,3.54,No,Medium,Young adults,Clothing,No,660,0
133753,Front of Store,30.11,26.52,Yes,Medium,Young adults,Electronics,Yes,1418,1
165841,Aisle,35.69,31.05,Yes,High,Seniors,Food,Yes,2058,1
183061,End-cap,33.67,30.14,No,High,College students,Clothing,No,2678,0
125175,Front of Store,43.43,41.7,No,Low,Seniors,Electronics,No,1212,0
115464,Aisle,31.14,28.57,No,Medium,College students,Food,No,1001,0
117231,End-cap,47.65,46.81,No,High,Young adults,Food,No,818,0
154948,End-cap,35.18,34.52,Yes,Medium,Families,Food,Yes,1549,1
197375,Aisle,17.24,16.93,No,Medium,Seniors,Electronics,No,1135,0
191131,Front of Store,17.29,12.32,No,Low,Seniors,Food,Yes,1833,0
131682,Aisle,41.89,38.32,Yes,Medium,Seniors,Food,Yes,2618,1
196276,End-cap,32.26,32.14,No,Medium,Young adults,Electronics,No,1046,0
190412,Aisle,7.35,4.09,Yes,Medium,Young adults,Electronics,Yes,2656,1
149903,End-cap,38.17,36.06,Yes,High,Families,Clothing,Yes,2673,1
189131,Aisle,19.12,16.5,Yes,Low,College students,Food,No,2424,1
148327,Front of Store,31.77,30.3,Yes,Low,Young adults,Electronics,Yes,1717,1
189088,Aisle,15.93,14.41,No,Low,Seniors,Electronics,Yes,2116,0
143305,Aisle,13.33,11.8,No,Medium,Seniors,Food,Yes,2880,0
180943,Front of Store,17.48,13.88,No,High,College students,Clothing,Yes,2734,0
152059,Front of Store,17.05,12.61,No,High,Seniors,Clothing,No,1091,0
133691,Aisle,49.8,48.64,No,High,Families,Electronics,No,2919,0
161644,End-cap,28.16,23.86,No,High,Young adults,Food,Yes,1145,0
132643,Aisle,44.21,43.36,No,High,Families,Food,Yes,566,0
162317,End-cap,21.33,18.04,No,Medium,Young adults,Food,Yes,2517,0
128592,Front of Store,11.29,10.38,No,Medium,Young adults,Food,No,1086,0
192892,Front of Store,35.43,33.8,Yes,High,Young adults,Food,Yes,2623,1
197147,Front of Store,44.35,44.32,No,Medium,Families,Food,No,2205,0
130871,Front of Store,13.89,10.9,No,Low,College students,Food,Yes,707,0
184314,Aisle,29.6,25.68,No,Low,Young adults,Clothing,No,2689,0
131922,Front of Store,40.96,37.77,Yes,Low,College students,Electronics,Yes,1544,1
130546,End-cap,41.34,38.01,Yes,Medium,Families,Food,Yes,2776,1
167541,End-cap,20.15,15.96,Yes,Medium,Seniors,Clothing,Yes,2054,1
165128,Front of Store,5.8,2.21,Yes,Medium,Families,Food,No,1242,1
126255,Front of Store,23.1,22.97,Yes,Low,Seniors,Electronics,Yes,1195,1
176976,End-cap,41.72,41.7,No,Low,Seniors,Clothing,Yes,2825,0
185599,Aisle,24.04,19.71,No,Low,Seniors,Food,No,2656,0
167273,End-cap,5.55,3.4,No,Medium,Families,Food,No,1598,0
189296,End-cap,39.0,34.9,Yes,High,Families,Clothing,No,1452,1
125082,End-cap,29.75,28.24,No,Low,College students,Electronics,No,1446,0
116920,Aisle,32.25,29.15,Yes,High,Seniors,Clothing,No,1634,1
111320,End-cap,44.51,43.38,No,Medium,Seniors,Clothing,Yes,1098,0
172247,End-cap,11.85,11.0,No,Medium,Families,Clothing,No,867,0
143462,End-cap,33.11,29.2,No,High,Seniors,Food,No,2329,0
125637,Front of Store,24.67,21.83,No,Low,Seniors,Clothing,Yes,1797,0
115827,End-cap,8.9,5.4,Yes,Medium,Families,Clothing,Yes,2636,1
183225,End-cap,37.72,37.14,Yes,Low,Young adults,Food,No,2659,1
133283,Aisle,30.44,28.74,Yes,High,Young adults,Electronics,No,1937,1
164389,Front of Store,23.18,19.44,No,Low,Families,Electronics,Yes,946,0
163108,Aisle,9.48,8.56,No,Low,Seniors,Clothing,Yes,2015,0
160121,Aisle,45.89,42.27,Yes,Medium,Young adults,Food,Yes,1826,1
141116,Front of Store,13.57,13.42,Yes,Low,College students,Clothing,Yes,2175,1
157901,End-cap,44.95,44.81,Yes,High,Seniors,Clothing,No,2429,1
165017,Aisle,29.79,28.21,Yes,Medium,Seniors,Food,Yes,2257,1
165689,End-cap,41.01,39.78,No,Medium,Families,Food,No,696,0
172370,End-cap,49.94,48.76,No,High,Young adults,Food,No,1789,0
149539,End-cap,6.23,4.53,No,Medium,Seniors,Electronics,No,2203,0
149127,Front of Store,46.45,45.65,No,High,Young adults,Food,No,2727,0
199887,Front of Store,29.76,29.19,No,High,Seniors,Food,Yes,1109,0
166103,End-cap,21.8,21.43,Yes,Low,Young adults,Clothing,Yes,2428,1
144850,Front of Store,25.49,24.92,No,Medium,Seniors,Food,No,2190,0
139746,Aisle,14.04,11.23,Yes,High,Young adults,Food,Yes,699,1
177685,Aisle,29.68,28.94,No,Low,Young adults,Food,No,2204,0
166728,Aisle,25.92,23.68,Yes,High,College students,Electronics,No,542,1
116065,Front of Store,36.88,35.72,Yes,Medium,Seniors,Food,Yes,2912,1
110033,Front of Store,40.15,39.38,Yes,Low,Families,Electronics,Yes,1998,1
164617,Front of Store,41.6,38.19,Yes,High,Seniors,Electronics,No,577,1
112314,Aisle,42.47,41.94,Yes,Low,College students,Electronics,No,1370,1
130671,End-cap,35.95,31.23,Yes,Low,Seniors,Electronics,No,2432,1
176094,End-cap,32.37,28.91,Yes,High,Families,Electronics,No,1506,1
133227,Front of Store,13.73,10.09,Yes,High,Seniors,Food,Yes,1911,1
170530,Aisle,34.86,33.16,Yes,High,College students,Food,Yes,880,1
195782,Front of Store,22.2,18.07,No,Medium,Seniors,Clothing,No,2748,0
113054,End-cap,32.09,28.27,Yes,Medium,Young adults,Food,No,1705,1
198313,Aisle,33.95,33.43,No,Medium,Families,Food,Yes,1298,0
158628,End-cap,22.29,17.88,Yes,High,Seniors,Clothing,Yes,708,1
154165,Aisle,30.33,30.04,No,High,Seniors,Electronics,Yes,1887,0
122473,Aisle,32.2,31.52,No,Medium,Seniors,Clothing,Yes,1604,0
150408,End-cap,31.86,27.95,Yes,Low,College students,Food,Yes,1603,1
178253,Aisle,13.82,9.57,No,Low,College students,Clothing,Yes,2609,0
182211,End-cap,6.38,5.8,No,Medium,Families,Clothing,Yes,1956,0
157396,Front of Store,7.24,4.3,Yes,High,College students,Clothing,No,1929,1
152736,Aisle,6.99,4.25,Yes,Low,Seniors,Electronics,No,570,1
168051,Aisle,13.03,9.96,No,High,Young adults,Electronics,Yes,1680,0
119648,Aisle,31.46,28.87,No,Medium,College students,Clothing,No,2356,0
130206,Aisle,37.16,32.19,Yes,Low,College students,Electronics,No,2510,1
153501,Aisle,29.56,29.41,Yes,Medium,Families,Clothing,Yes,1103,1
196059,Aisle,43.14,38.22,No,High,Seniors,Clothing,No,1692,0
153655,Aisle,6.98,3.65,Yes,Low,Young adults,Clothing,No,2949,1
191803,Front of Store,22.04,18.39,Yes,Medium,Young adults,Electronics,Yes,1956,1
145992,Front of Store,5.25,4.12,Yes,Low,College students,Electronics,No,1519,1
118967,End-cap,7.93,4.75,Yes,High,Young adults,Electronics,No,777,1
125062,End-cap,45.23,43.36,No,High,College students,Food,No,768,0
165448,End-cap,46.61,41.87,Yes,High,Families,Clothing,Yes,1294,1
160827,End-cap,25.91,21.37,No,Low,Seniors,Electronics,Yes,2555,0
125378,Aisle,23.53,22.66,Yes,Medium,Young adults,Electronics,No,1770,1
185547,Aisle,33.88,32.2,Yes,High,College students,Food,Yes,2933,1
191475,Aisle,29.88,26.09,No,High,Seniors,Clothing,No,1808,0
193605,Front of Store,5.18,1.25,No,Medium,Families,Electronics,Yes,960,0
193179,Front of Store,29.65,25.39,Yes,Low,Young adults,Electronics,Yes,2593,1
131808,Front of Store,5.49,3.93,Yes,Medium,Young adults,Electronics,No,2071,1
134615,End-cap,46.83,43.95,No,High,Young adults,Electronics,Yes,2441,0
142414,Aisle,47.21,43.5,Yes,High,Young adults,Clothing,No,2683,1
152245,Aisle,30.79,28.5,No,High,Families,Clothing,No,1105,0
186093,End-cap,42.17,41.97,No,High,College students,Clothing,Yes,1697,0
123603,Aisle,23.26,19.02,Yes,High,Seniors,Electronics,No,2963,1
178518,Front of Store,38.84,37.74,No,High,Families,Clothing,No,2200,0
185924,Front of Store,5.84,1.86,Yes,High,College students,Electronics,No,2840,1
161426,End-cap,44.13,43.27,No,Low,Seniors,Food,No,1739,0
179528,End-cap,40.14,36.2,No,Low,College students,Clothing,No,2999,0
152881,Front of Store,27.34,22.81,Yes,Low,Seniors,Electronics,No,2971,1
158853,Aisle,46.23,41.51,Yes,Low,College students,Food,No,793,1
186138,Aisle,33.23,30.17,No,Low,Young adults,Electronics,Yes,2641,0
183223,Aisle,27.65,27.47,Yes,High,Young adults,Food,Yes,1171,1
113169,Aisle,22.42,20.12,Yes,Low,Seniors,Clothing,No,2971,1
138256,Front of Store,30.63,26.41,Yes,High,College students,Food,No,2188,1
115815,End-cap,29.87,25.64,Yes,High,Seniors,Food,Yes,1287,1
162665,Aisle,27.54,27.44,Yes,Medium,Young adults,Electronics,Yes,1946,1
164361,Aisle,11.57,8.19,Yes,High,Families,Clothing,Yes,1557,1
112551,Front of Store,12.44,9.74,No,Low,Families,Clothing,No,1060,0
184922,Aisle,49.7,47.27,Yes,Medium,College students,Electronics,Yes,2461,1
159197,Front of Store,36.55,31.66,Yes,High,Young adults,Food,Yes,2745,1
162972,Front of Store,25.44,21.24,Yes,Medium,Seniors,Food,Yes,1802,1
194018,Front of Store,27.67,22.78,Yes,High,Seniors,Electronics,No,1024,1
128043,Aisle,11.0,6.91,Yes,High,Young adults,Clothing,No,667,1
194508,Front of Store,11.03,10.21,No,Medium,College students,Clothing,Yes,2691,0
125010,Front of Store,30.97,26.4,Yes,Low,College students,Clothing,No,533,1
157494,Aisle,21.68,19.1,Yes,Low,Seniors,Electronics,Yes,1410,1
195774,End-cap,47.46,42.76,No,Low,Young adults,Clothing,No,2905,0
133617,End-cap,34.49,32.89,No,Low,Seniors,Clothing,Yes,2881,0
176459,Front of Store,39.72,36.86,No,High,Families,Electronics,No,657,0
138820,Aisle,5.85,2.03,Yes,Low,Seniors,Clothing,Yes,2975,1
152123,Front of Store,26.07,25.02,Yes,Low,Families,Clothing,No,955,1
165842,Front of Store,40.62,37.68,No,High,Seniors,Clothing,Yes,633,0
160474,Front of Store,10.3,6.83,Yes,Medium,College students,Electronics,Yes,1430,1
198462,End-cap,31.39,26.78,No,Medium,Seniors,Electronics,No,1779,0
194843,Aisle,5.14,3.62,Yes,Medium,College students,Clothing,No,1324,1
150604,Aisle,25.89,22.26,Yes,Low,Families,Food,Yes,2694,1
190418,End-cap,43.29,42.64,No,Medium,Young adults,Electronics,No,1341,0
133094,Front of Store,29.18,28.36,Yes,Medium,College students,Food,Yes,2643,1
189074,End-cap,5.9,1.5,Yes,Medium,College students,Food,Yes,1353,1
152783,Front of Store,44.43,43.93,Yes,Low,Young adults,Electronics,Yes,2839,1
152215,Front of Store,22.4,19.66,No,Low,Young adults,Electronics,No,954,0
174676,Aisle,16.36,15.03,Yes,Medium,Families,Clothing,Yes,1509,1
147821,Front of Store,26.3,24.58,No,Low,College students,Clothing,No,2420,0
113180,Aisle,47.71,46.97,Yes,Medium,Families,Electronics,No,2305,1
147684,Aisle,32.67,30.34,No,Medium,College students,Clothing,No,914,0
110276,Aisle,34.75,30.57,Yes,Medium,Young adults,Food,Yes,893,1
119373,Aisle,8.72,5.39,Yes,Low,College students,Electronics,No,2757,1
130090,Aisle,13.15,12.98,Yes,Medium,Seniors,Electronics,No,905,1
168451,Front of Store,10.27,7.41,No,High,College students,Electronics,No,1050,0
196907,Aisle,17.35,17.17,Yes,Medium,Seniors,Clothing,Yes,2911,1
153708,Aisle,12.05,9.59,Yes,High,Seniors,Clothing,No,541,1
116949,End-cap,7.01,4.71,Yes,Low,College students,Food,No,926,1
128184,Aisle,26.69,22.29,Yes,Low,Families,Food,No,527,1
190312,End-cap,41.92,37.02,Yes,Medium,Seniors,Electronics,Yes,2252,1
195839,Aisle,43.89,39.28,Yes,Low,Families,Food,Yes,769,1
197080,Front of Store,40.24,37.9,Yes,Medium,Seniors,Clothing,Yes,2798,1
126882,Aisle,8.71,6.89,No,Medium,College students,Clothing,Yes,2166,0
121683,End-cap,14.48,11.5,No,Low,College students,Clothing,Yes,1669,0
114466,Aisle,19.24,16.55,No,High,Young adults,Clothing,Yes,1056,0
133423,Front of Store,43.91,42.82,Yes,Low,Seniors,Food,No,768,1
129345,Aisle,39.19,35.94,No,High,Families,Electronics,No,1227,0
182298,Aisle,5.45,4.89,No,Low,Young adults,Clothing,No,2205,0
115099,End-cap,44.39,43.57,No,High,Families,Food,No,2749,0
123677,End-cap,23.14,18.42,No,Low,College students,Clothing,Yes,1331,0
156228,Front of Store,32.1,27.11,Yes,Medium,Young adults,Food,Yes,1972,1
130446,End-cap,32.33,29.9,No,Medium,College students,Food,Yes,2827,0
139743,Front of Store,43.33,38.66,No,High,College students,Food,Yes,1861,0
137462,Front of Store,40.36,39.26,Yes,Low,Families,Electronics,Yes,2714,1
180388,Aisle,49.25,44.43,No,Medium,Seniors,Food,No,755,0
193975,Front of Store,43.94,43.83,Yes,High,College students,Clothing,Yes,1414,1
126497,End-cap,34.13,34.11,No,Low,Young adults,Electronics,No,2838,0
165072,End-cap,37.02,33.37,No,High,Seniors,Food,Yes,2150,0
146446,Front of Store,35.56,30.73,No,High,Families,Electronics,No,2477,0
174450,Front of Store,7.33,6.04,No,Medium,Young adults,Electronics,Yes,2651,0
130931,Aisle,42.63,41.03,Yes,High,Families,Electronics,No,2224,1
196440,Front of Store,24.41,21.22,No,High,Young adults,Clothing,No,2300,0
113511,End-cap,21.22,19.82,Yes,Medium,Families,Clothing,Yes,2152,1
163155,Aisle,14.59,13.38,No,Medium,Seniors,Electronics,No,2689,0
143152,Front of Store,14.78,10.6,Yes,Medium,Seniors,Electronics,No,2046,1
178198,Front of Store,40.43,35.86,No,Low,College students,Food,No,2288,0
173253,Front of Store,17.43,16.25,Yes,Low,Young adults,Electronics,No,1979,1
131726,End-cap,9.26,6.45,Yes,Low,College students,Clothing,No,2488,1
153970,Aisle,7.44,5.4,Yes,High,Seniors,Food,Yes,1851,1
150686,Front of Store,44.09,40.32,No,Low,College students,Food,Yes,2966,0
175349,End-cap,37.75,34.49,No,Medium,Young adults,Electronics,No,1322,0
127292,Aisle,17.28,14.4,No,Medium,Seniors,Electronics,No,1070,0
152568,Aisle,6.81,5.61,Yes,Low,Young adults,Clothing,Yes,2966,1
135414,End-cap,32.97,30.24,Yes,Medium,Young adults,Electronics,Yes,1403,1
110319,Front of Store,6.05,1.11,No,High,Families,Food,No,1775,0
174321,End-cap,42.95,42.62,Yes,Low,Seniors,Electronics,No,1662,1
143069,End-cap,17.23,13.46,No,High,College students,Electronics,Yes,677,0
155092,End-cap,39.66,39.05,Yes,High,College students,Clothing,Yes,876,1
114253,Front of Store,35.63,31.26,No,Low,College students,Electronics,No,1495,0
177321,End-cap,31.78,31.35,No,Low,Families,Clothing,Yes,2286,0
130550,Aisle,6.61,5.61,Yes,Medium,Young adults,Food,No,1698,1
152773,Front of Store,49.74,46.3,No,Medium,College students,Clothing,Yes,2148,0
175790,Aisle,21.18,18.05,Yes,Medium,College students,Food,Yes,1788,1
126957,Front of Store,36.95,34.3,No,High,Families,Clothing,Yes,1809,0
178874,Aisle,34.22,31.38,No,High,Seniors,Clothing,Yes,952,0
195207,Front of Store,26.14,24.73,Yes,High,Young adults,Electronics,No,1716,1
157384,End-cap,24.53,23.54,Yes,High,Seniors,Clothing,No,2479,1
110980,Aisle,11.77,8.42,No,Medium,Young adults,Electronics,Yes,1610,0
144539,Front of Store,28.83,24.6,No,High,Families,Food,Yes,2162,0
156638,Front of Store,42.21,38.19,Yes,Medium,Seniors,Food,Yes,1539,1
135717,Aisle,31.74,30.41,No,Medium,Families,Clothing,No,743,0
152395,End-cap,13.29,10.2,No,High,College students,Electronics,No,1802,0
160346,Aisle,45.45,42.33,No,High,Families,Electronics,Yes,1416,0
142963,End-cap,30.48,27.39,No,Medium,College students,Clothing,Yes,1087,0
155793,End-cap,17.79,17.61,No,Medium,Young adults,Electronics,Yes,2225,0
124413,Front of Store,30.06,29.48,No,High,Families,Food,Yes,1232,0
160541,End-cap,24.79,21.25,No,High,Young adults,Electronics,No,1311,0
114964,Front of Store,16.47,13.41,Yes,Medium,Seniors,Electronics,No,570,1
199673,End-cap,8.2,4.13,No,High,Seniors,Food,Yes,2488,0
141355,End-cap,34.36,33.24,Yes,High,Families,Clothing,No,1950,1
144362,Aisle,22.69,20.5,Yes,High,Seniors,Clothing,Yes,2270,1
144721,Front of Store,25.51,22.38,No,High,Families,Electronics,No,2917,0
139337,End-cap,42.31,41.34,Yes,Medium,Young adults,Clothing,No,1878,1
167218,End-cap,35.35,34.4,No,Low,College students,Clothing,No,2621,0
119583,Front of Store,6.32,5.2,No,High,Young adults,Electronics,Yes,1332,0
195223,Front of Store,23.16,22.01,No,Medium,College students,Clothing,Yes,2526,0
130120,End-cap,42.89,38.76,No,Low,Families,Electronics,No,2963,0
141261,Front of Store,49.98,47.6,Yes,Low,Young adults,Clothing,No,641,1
186584,Aisle,33.76,33.19,Yes,Medium,College students,Electronics,No,1370,1
120793,Front of Store,29.98,28.14,No,Medium,Seniors,Electronics,Yes,2204,0
155385,End-cap,38.8,35.71,No,Medium,Young adults,Electronics,No,1973,0
151124,End-cap,8.34,7.22,No,High,Families,Clothing,No,2895,0
179168,Front of Store,47.77,44.38,No,Low,Families,Electronics,Yes,1389,0
162419,Aisle,27.09,25.32,Yes,High,Seniors,Electronics,Yes,617,1
113067,Front of Store,26.16,24.53,No,High,Families,Clothing,No,1062,0
178104,Aisle,15.32,13.21,No,High,Seniors,Electronics,Yes,2827,0
138903,Aisle,39.87,39.54,No,Low,Families,Clothing,No,1981,0
116993,Front of Store,31.69,31.54,No,High,College students,Clothing,No,2938,0
111935,Aisle,16.27,15.54,No,High,College students,Clothing,No,1831,0
115210,Front of Store,28.08,25.81,No,High,Seniors,Electronics,Yes,2068,0
173296,End-cap,11.95,11.03,No,Medium,College students,Clothing,Yes,1009,0
110709,Aisle,18.48,17.43,No,Medium,College students,Food,Yes,2450,0
134034,Front of Store,31.72,28.87,Yes,High,Young adults,Clothing,Yes,2571,1
165430,Aisle,29.45,26.6,Yes,High,College students,Food,No,2815,1
192396,Front of Store,7.32,7.08,No,Low,Families,Food,Yes,1039,0
149662,End-cap,13.33,11.68,Yes,Low,College students,Electronics,No,1376,1
169368,Front of Store,24.1,19.13,Yes,High,Families,Food,No,1955,1
173174,End-cap,12.05,9.14,No,High,Seniors,Clothing,No,636,0
153411,Front of Store,25.9,25.7,Yes,Low,Families,Clothing,Yes,869,1
135465,Aisle,12.65,11.97,Yes,High,College students,Food,No,1015,1
151005,End-cap,17.79,12.86,No,Low,Seniors,Food,No,1276,0
172517,Aisle,23.94,19.7,No,Medium,Seniors,Electronics,Yes,808,0
113368,End-cap,17.48,12.55,No,High,Young adults,Clothing,Yes,2682,0
112801,Front of Store,41.6,38.31,Yes,High,Young adults,Food,Yes,1363,1
163286,Aisle,49.64,48.84,No,Low,Young adults,Food,No,2184,0
175963,End-cap,15.09,12.43,Yes,High,College students,Clothing,Yes,1417,1
119258,End-cap,41.97,40.32,No,Medium,Families,Clothing,No,1415,0
131817,End-cap,33.48,28.94,No,High,Families,Electronics,Yes,2889,0
193731,Aisle,49.55,49.1,Yes,Medium,Families,Clothing,No,1592,1
175087,End-cap,24.64,23.91,No,High,Families,Food,No,2874,0
129041,End-cap,40.28,38.37,Yes,Low,Seniors,Food,No,2025,1
194723,End-cap,10.09,5.6,No,Low,Families,Clothing,Yes,1846,0
178350,End-cap,36.71,34.55,No,High,Families,Food,Yes,1964,0
137798,Front of Store,18.91,17.76,No,High,Young adults,Clothing,No,1408,0
158893,Front of Store,35.65,31.08,Yes,Low,Seniors,Clothing,Yes,1272,1
149201,Aisle,46.97,46.34,Yes,Medium,Families,Electronics,Yes,521,1
169631,Aisle,17.05,14.8,No,High,Seniors,Electronics,No,2100,0
168106,Front of Store,18.93,18.41,No,Low,College students,Food,No,1134,0
177650,Aisle,43.59,39.89,Yes,High,Seniors,Electronics,No,2241,1
154029,End-cap,34.88,34.6,Yes,Low,Young adults,Food,Yes,2954,1
130738,Front of Store,14.18,13.19,Yes,Medium,Seniors,Clothing,No,1085,1
140879,Aisle,45.5,43.19,Yes,High,Young adults,Food,No,1495,1
151900,Aisle,47.99,47.59,Yes,Medium,College students,Food,Yes,1560,1
187604,End-cap,49.21,48.05,No,Medium,College students,Food,Yes,782,0
174627,Front of Store,38.69,37.01,No,High,College students,Clothing,No,1296,0
133654,End-cap,42.98,41.61,Yes,Medium,Young adults,Clothing,No,2333,1
180951,Front of Store,25.2,22.09,Yes,High,Seniors,Clothing,Yes,2056,1
110578,End-cap,22.22,21.56,No,High,Families,Food,No,950,0
192711,Aisle,36.4,34.38,Yes,High,Seniors,Electronics,Yes,2079,1
154096,Aisle,43.32,39.63,Yes,Low,Families,Food,No,2144,1
124265,End-cap,24.39,20.92,Yes,High,Families,Clothing,No,2715,1
120576,End-cap,16.48,14.74,No,High,College students,Food,Yes,1357,0
166314,End-cap,38.36,35.33,No,Medium,Seniors,Food,Yes,2896,0
138145,Front of Store,25.94,24.83,Yes,Medium,Families,Clothing,No,2523,1
192789,End-cap,15.65,14.23,No,Medium,College students,Clothing,No,2480,0
150907,Front of Store,45.68,45.58,No,High,Seniors,Electronics,No,1323,0
182011,End-cap,24.17,19.74,Yes,Medium,Seniors,Clothing,No,588,1
167179,Front of Store,24.06,23.01,Yes,Low,College students,Clothing,No,2225,1
116390,End-cap,30.07,29.26,Yes,High,College students,Electronics,Yes,2834,1
119757,End-cap,48.21,43.42,No,Low,College students,Clothing,No,1907,0
139269,Aisle,18.24,16.68,No,Low,Families,Electronics,Yes,821,0
135624,Front of Store,6.24,2.06,No,High,Young adults,Food,No,1744,0
185187,Front of Store,38.92,38.34,Yes,Medium,College students,Clothing,No,1358,1
163977,End-cap,37.28,36.19,No,Low,Seniors,Food,No,2872,0
128784,Aisle,32.51,31.52,Yes,Medium,College students,Electronics,No,801,1
161283,End-cap,46.68,44.47,No,Medium,College students,Electronics,Yes,1532,0
166588,End-cap,7.09,5.73,Yes,High,Seniors,Clothing,No,1376,1
111384,Aisle,23.22,21.78,No,Low,Young adults,Clothing,No,1859,0
144945,End-cap,28.77,27.43,No,Medium,Families,Food,Yes,1908,0
145405,Aisle,33.95,29.32,No,Medium,Families,Food,Yes,1403,0
140480,Aisle,33.32,32.96,Yes,Medium,Young adults,Food,No,2599,1
117707,Aisle,27.33,25.41,No,Low,College students,Food,No,511,0
182158,Front of Store,24.22,23.04,No,Medium,College students,Clothing,Yes,2689,0
151032,Front of Store,9.78,4.93,No,High,Young adults,Clothing,Yes,2054,0
138160,Aisle,19.57,18.88,Yes,Medium,College students,Food,No,839,1
132647,Front of Store,15.85,14.41,Yes,High,College students,Food,Yes,2831,1
154713,Aisle,47.72,44.03,Yes,Medium,Families,Clothing,Yes,1647,1
157629,Front of Store,18.93,17.81,No,High,Families,Food,No,1277,0
165679,Front of Store,15.38,12.41,No,Low,Families,Clothing,No,1062,0
127978,Front of Store,6.39,5.77,Yes,Low,Seniors,Food,No,1677,1
191923,Aisle,47.6,45.1,No,High,Families,Clothing,No,1459,0
179488,Front of Store,41.53,37.25,Yes,Low,Young adults,Food,Yes,1479,1
196100,Aisle,24.3,23.86,Yes,Medium,Families,Food,No,944,1
114396,Front of Store,37.84,37.37,Yes,Medium,Families,Food,No,1433,1
126954,Aisle,41.39,39.6,No,Medium,Seniors,Electronics,Yes,1640,0
161127,End-cap,11.47,7.46,No,Medium,Seniors,Food,No,954,0
192871,Front of Store,6.39,3.99,No,Low,College students,Clothing,Yes,1654,0
196774,Front of Store,40.99,37.67,No,Low,College students,Electronics,Yes,1303,0
179265,Front of Store,40.07,39.77,Yes,Medium,Seniors,Electronics,No,921,1
127161,End-cap,47.2,44.38,Yes,Medium,Seniors,Food,Yes,2388,1
167455,Aisle,44.42,43.37,No,Medium,Families,Food,No,2494,0
126083,End-cap,9.29,5.86,No,High,Families,Electronics,No,1079,0
191442,Aisle,38.26,38.26,Yes,High,Seniors,Clothing,Yes,604,1
157324,Front of Store,36.45,32.2,No,High,Seniors,Food,Yes,1482,0
196863,Front of Store,42.68,42.34,No,Medium,College students,Electronics,Yes,2751,0
125834,End-cap,37.76,36.64,Yes,Medium,Families,Food,Yes,2700,1
160648,End-cap,47.47,45.66,No,Low,Young adults,Electronics,No,1824,0
177124,Front of Store,30.28,27.84,No,Low,Seniors,Food,No,1339,0
130113,End-cap,15.48,10.95,Yes,Low,College students,Clothing,No,726,1
149104,Aisle,30.51,26.82,No,High,Seniors,Electronics,Yes,1811,0
131351,Aisle,13.38,11.17,No,High,College students,Electronics,Yes,1031,0
163127,End-cap,40.39,36.59,No,Medium,Young adults,Clothing,Yes,1599,0
145944,End-cap,36.3,33.01,Yes,Medium,Families,Food,No,2219,1
178288,Aisle,42.19,38.49,Yes,Medium,Young adults,Clothing,No,858,1
120721,Front of Store,19.15,14.29,Yes,Low,Young adults,Electronics,Yes,1817,1
198257,Front of Store,9.07,4.34,Yes,Medium,Seniors,Food,Yes,647,1
144938,End-cap,6.71,4.23,No,High,Young adults,Food,Yes,2042,0
180786,Aisle,9.99,6.1,No,High,Young adults,Electronics,No,2581,0
174984,Front of Store,16.46,15.04,No,Low,College students,Clothing,No,2704,0
164338,Front of Store,21.67,19.04,Yes,Low,Young adults,Clothing,Yes,2614,1
194730,Front of Store,14.09,10.27,No,Medium,Families,Electronics,No,1531,0
184387,Front of Store,22.48,20.5,No,High,Seniors,Food,Yes,1862,0
122405,Front of Store,17.06,12.21,No,High,Families,Electronics,No,1312,0
155287,End-cap,20.21,19.05,Yes,Low,Seniors,Clothing,Yes,1830,1
135629,End-cap,19.14,14.98,Yes,Low,Seniors,Electronics,Yes,926,1
161695,Aisle,43.33,39.35,No,Medium,Seniors,Clothing,No,2463,0
188585,Aisle,24.47,20.48,Yes,Low,Young adults,Electronics,No,2376,1
199050,End-cap,9.47,6.1,No,Medium,College students,Electronics,No,1352,0
140298,Aisle,28.83,25.5,No,Low,Seniors,Clothing,Yes,1039,0
143161,End-cap,35.54,33.58,Yes,Low,Seniors,Clothing,No,946,1
126549,Front of Store,42.47,40.12,Yes,High,Seniors,Clothing,No,1648,1
199013,Aisle,49.97,45.21,No,Medium,College students,Clothing,No,2894,0
120994,End-cap,11.43,8.77,No,Low,College students,Electronics,No,2633,0
123549,End-cap,10.54,5.99,No,Low,Families,Food,No,637,0
191501,Front of Store,40.75,37.55,No,Low,Families,Food,No,2794,0
137441,End-cap,38.57,34.84,No,Low,Seniors,Electronics,Yes,1425,0
174639,Aisle,32.42,27.95,No,Low,College students,Food,Yes,1865,0
126334,End-cap,43.81,39.96,No,High,College students,Clothing,No,718,0
158294,Aisle,5.15,5.01,No,Medium,Seniors,Food,No,1252,0
171653,End-cap,36.87,34.47,No,Medium,Young adults,Food,Yes,2951,0
113784,Front of Store,27.14,23.32,No,Low,College students,Clothing,No,920,0
195374,Front of Store,46.16,42.84,Yes,Low,College students,Electronics,No,1844,1
171712,End-cap,44.95,43.96,No,Medium,College students,Clothing,Yes,835,0
148331,Front of Store,44.38,40.68,Yes,Low,Young adults,Clothing,Yes,1322,1
123478,Aisle,25.59,24.27,No,Low,Seniors,Electronics,Yes,700,0
164043,Aisle,11.02,10.23,No,High,Young adults,Food,No,2075,0
158938,Front of Store,39.31,37.18,Yes,High,Seniors,Clothing,No,703,1
118260,End-cap,20.5,17.08,No,Medium,Families,Food,Yes,2653,0
168970,End-cap,13.49,10.1,No,Medium,Seniors,Clothing,No,2819,0
160301,Front of Store,15.5,13.36,No,Medium,College students,Food,No,1056,0
134598,Aisle,5.66,1.62,Yes,Low,Families,Electronics,No,1475,1
140548,Aisle,9.71,5.57,Yes,High,College students,Clothing,No,2971,1
119282,Front of Store,17.05,16.01,No,High,Families,Electronics,No,2136,0
155744,Aisle,33.53,28.67,Yes,Medium,Families,Clothing,Yes,2663,1
188805,Aisle,11.42,8.54,Yes,High,Families,Clothing,No,1324,1
194198,Aisle,44.88,41.36,Yes,High,College students,Food,Yes,2363,1
158917,Front of Store,15.84,11.45,Yes,High,Seniors,Clothing,Yes,2042,1
119182,Front of Store,16.46,13.91,Yes,Low,Families,Food,No,2578,1
177843,End-cap,22.29,21.55,Yes,Low,Families,Clothing,No,1898,1
175135,Front of Store,30.9,29.78,No,High,Seniors,Food,No,1732,0
162886,Front of Store,20.54,17.99,No,Medium,College students,Clothing,Yes,2192,0
162663,Aisle,34.96,34.77,No,High,Young adults,Electronics,No,2231,0
148513,Front of Store,28.81,24.72,Yes,High,Seniors,Food,Yes,980,1
127550,Front of Store,45.28,42.69,Yes,Low,Families,Clothing,Yes,2605,1
123557,Front of Store,15.14,11.49,No,Low,Seniors,Food,Yes,1035,0
140118,Aisle,41.12,39.94,No,Medium,College students,Electronics,Yes,2063,0
172912,Front of Store,40.01,38.86,Yes,High,College students,Clothing,No,2551,1
155610,Front of Store,5.11,1.28,No,Low,College students,Electronics,Yes,2807,0
160544,End-cap,45.47,41.47,Yes,Medium,College students,Food,No,2687,1
177721,End-cap,25.2,20.82,Yes,Medium,Seniors,Electronics,No,2731,1
199735,Aisle,41.0,40.35,Yes,Low,Seniors,Electronics,No,1176,1
164553,End-cap,6.66,3.09,No,High,Families,Clothing,Yes,1826,0
160829,Front of Store,28.09,26.0,No,Low,Young adults,Clothing,Yes,1985,0
189316,Front of Store,33.94,32.88,No,Medium,College students,Clothing,Yes,2262,0
110815,Aisle,42.48,42.36,No,High,Young adults,Electronics,No,1672,0
173823,Front of Store,46.95,46.69,Yes,High,Young adults,Electronics,Yes,2732,1
189791,End-cap,15.37,13.64,No,High,College students,Food,Yes,1360,0
180074,End-cap,18.25,14.38,Yes,Low,Families,Clothing,Yes,2608,1
131689,Front of Store,42.43,41.76,No,Low,Families,Food,Yes,1833,0
145573,End-cap,43.83,42.62,No,Medium,Families,Electronics,Yes,1071,0
196508,End-cap,47.98,44.05,Yes,High,Families,Clothing,Yes,1698,1
159831,Aisle,36.29,33.69,No,Medium,College students,Electronics,No,763,0
154409,Aisle,19.87,19.65,No,Medium,College students,Food,Yes,1506,0
151330,Front of Store,42.94,39.98,No,Medium,College students,Food,No,2353,0
178721,End-cap,34.32,30.13,No,Low,Young adults,Electronics,No,628,0
190370,End-cap,36.86,35.27,Yes,Low,Families,Clothing,Yes,554,1
171778,End-cap,34.07,30.82,No,High,Families,Clothing,Yes,2095,0
181634,Front of Store,23.99,22.54,No,High,Young adults,Clothing,Yes,2774,0
146294,Front of Store,11.38,8.6,No,High,Young adults,Food,Yes,2777,0
113594,Front of Store,24.18,21.23,No,High,Seniors,Electronics,No,2376,0
153294,End-cap,30.37,26.67,Yes,Low,Seniors,Electronics,No,1279,1
191154,End-cap,38.81,36.77,No,Medium,Seniors,Clothing,No,836,0
154870,Front of Store,8.52,5.11,Yes,Low,Young adults,Clothing,Yes,1793,1
145558,End-cap,10.78,8.58,Yes,Low,Families,Clothing,No,2728,1
135809,Front of Store,18.9,18.48,Yes,Low,Young adults,Clothing,No,1780,1
156148,Aisle,36.26,34.24,Yes,High,Young adults,Electronics,Yes,1508,1
171191,Front of Store,46.72,45.02,No,High,Families,Food,Yes,2267,0
115810,Front of Store,7.28,6.56,No,Medium,Young adults,Clothing,Yes,1953,0
115533,End-cap,41.85,37.04,Yes,High,College students,Food,Yes,1971,1
191827,End-cap,28.57,26.47,Yes,High,Families,Food,No,1178,1
115156,Front of Store,10.66,6.87,Yes,High,College students,Electronics,Yes,2800,1
148849,End-cap,11.75,9.84,Yes,High,Young adults,Electronics,Yes,1307,1
121239,Aisle,49.77,49.66,Yes,Low,Seniors,Clothing,Yes,1829,1
147878,End-cap,38.9,35.38,No,High,Families,Electronics,No,1065,0
163043,End-cap,15.86,11.57,No,Low,Seniors,Electronics,No,1075,0
198302,Aisle,45.15,42.0,No,High,Seniors,Clothing,No,1388,0
191418,Aisle,46.06,43.67,No,Low,Seniors,Electronics,No,2244,0
175324,End-cap,37.69,36.14,Yes,Low,Families,Electronics,Yes,1308,1
168949,Front of Store,47.81,46.2,Yes,Medium,Seniors,Electronics,No,1033,1
132443,Aisle,36.15,31.58,Yes,Low,College students,Clothing,No,1924,1
142665,End-cap,28.97,24.67,Yes,Medium,College students,Clothing,Yes,1705,1
171112,Aisle,40.65,36.48,No,High,College students,Food,Yes,635,0
164994,End-cap,13.6,8.67,Yes,Low,Families,Food,No,2189,1
197700,Aisle,5.76,3.84,No,Medium,Families,Electronics,No,2716,0
166102,Front of Store,48.35,47.1,Yes,Medium,College students,Food,No,1001,1
125196,Front of Store,33.86,31.9,No,High,Young adults,Clothing,Yes,2479,0
190769,Aisle,40.56,38.99,No,High,Families,Clothing,Yes,955,0
192908,Front of Store,45.61,43.04,No,Low,Seniors,Food,Yes,1410,0
190000,Front of Store,11.29,9.86,Yes,High,Families,Electronics,No,1133,1
117812,End-cap,13.49,11.04,No,High,Seniors,Electronics,No,2984,0
158258,Aisle,41.44,39.26,No,Low,Families,Electronics,Yes,2622,0
136575,Aisle,18.65,15.73,Yes,High,Young adults,Food,Yes,2570,1
152880,End-cap,25.36,24.79,No,Low,Young adults,Clothing,Yes,617,0
112839,Front of Store,49.98,49.85,No,High,Young adults,Clothing,No,2255,0
190584,Front of Store,37.43,33.22,Yes,Low,College students,Clothing,No,637,1
171598,Aisle,30.93,30.15,Yes,Medium,College students,Electronics,No,1613,1
169545,Front of Store,20.4,15.7,Yes,Medium,Families,Electronics,No,653,1
132704,Aisle,25.47,22.73,Yes,High,Families,Electronics,No,2074,1
168639,Front of Store,38.68,35.89,Yes,High,College students,Clothing,Yes,2068,1
163062,End-cap,37.79,34.04,Yes,High,College students,Food,Yes,2360,1
186783,Front of Store,8.52,4.55,No,Low,Young adults,Food,Yes,1667,0
130656,End-cap,30.51,27.48,Yes,Medium,Families,Electronics,No,588,1
111930,Front of Store,11.04,9.15,No,High,Seniors,Electronics,No,1380,0
115305,End-cap,36.36,31.41,No,High,Seniors,Electronics,Yes,676,0
167689,Front of Store,11.48,10.41,No,High,Young adults,Electronics,Yes,2969,0
110451,Front of Store,10.77,9.98,Yes,Medium,Families,Food,No,578,1
189534,End-cap,5.73,3.94,Yes,Medium,Young adults,Electronics,No,2886,1
153881,Front of Store,33.16,28.8,Yes,Medium,Families,Clothing,No,1376,1
134948,Aisle,10.28,7.76,Yes,Medium,Young adults,Food,No,600,1
152468,Aisle,8.31,5.35,Yes,High,Families,Food,No,1728,1
148553,Front of Store,27.54,24.56,Yes,High,Families,Food,No,1585,1
121643,Aisle,5.17,0.72,No,High,College students,Food,Yes,1522,0
167351,Aisle,33.05,31.73,No,Low,College students,Electronics,No,961,0
199976,Front of Store,19.66,18.89,No,High,College students,Clothing,No,1641,0
172344,End-cap,15.42,13.77,Yes,Medium,Families,Clothing,Yes,2030,1
157499,Aisle,19.49,16.81,No,Low,Seniors,Electronics,No,1973,0
173866,Aisle,47.92,44.15,Yes,Medium,Young adults,Food,Yes,2246,1
134989,Front of Store,14.85,12.52,Yes,High,Families,Clothing,Yes,2571,1
162691,Front of Store,36.77,35.21,Yes,High,Families,Clothing,No,690,1
187196,End-cap,37.13,35.06,No,Low,College students,Food,Yes,2876,0
121378,End-cap,9.26,9.07,Yes,Medium,Seniors,Electronics,Yes,2168,1
142482,End-cap,27.59,26.89,No,High,Young adults,Electronics,No,1362,0
176723,Aisle,47.41,45.53,No,Low,Families,Electronics,Yes,1524,0
132654,Front of Store,36.75,36.09,No,Low,Seniors,Food,Yes,1875,0
169453,Aisle,12.09,10.47,No,Medium,Seniors,Electronics,Yes,2177,0
165328,End-cap,37.37,32.7,Yes,Medium,Families,Food,No,719,1
189998,Aisle,27.39,27.22,Yes,High,Young adults,Electronics,No,2206,1
171481,Aisle,37.53,35.46,No,High,Families,Clothing,Yes,2212,0
166674,End-cap,11.36,6.76,Yes,Low,Seniors,Clothing,Yes,638,1
110674,End-cap,36.21,33.76,Yes,Low,Seniors,Electronics,No,2726,1
110417,End-cap,43.02,42.63,Yes,Low,Young adults,Clothing,Yes,2352,1
166698,End-cap,47.18,46.66,No,Low,Young adults,Clothing,No,2528,0
179623,Front of Store,5.08,3.34,Yes,Low,College students,Food,Yes,2284,1
196326,Aisle,32.98,28.94,Yes,Medium,Seniors,Food,Yes,2015,1
175453,End-cap,12.65,9.75,No,Low,Seniors,Electronics,Yes,1603,0
153183,End-cap,38.1,34.7,No,Medium,Families,Clothing,No,822,0
195160,Front of Store,21.92,18.0,Yes,Low,Young adults,Food,No,1792,1
116201,Aisle,30.31,29.05,No,Low,Young adults,Clothing,No,2761,0
188566,Aisle,49.34,46.31,Yes,Medium,Families,Electronics,No,2071,1
151362,Front of Store,22.05,19.73,No,Medium,Families,Food,No,1112,0
189612,End-cap,49.94,48.09,Yes,High,Families,Food,Yes,809,1
144433,Front of Store,41.17,37.58,No,Low,Seniors,Electronics,No,1412,0
157449,Aisle,33.65,32.64,No,Low,College students,Food,No,951,0
165623,End-cap,17.03,15.52,No,High,College students,Electronics,Yes,2379,0
137925,End-cap,45.44,41.87,No,Medium,Young adults,Electronics,No,2336,0
115111,Aisle,16.88,13.12,No,Medium,Families,Clothing,No,1592,0
171502,Front of Store,10.49,8.45,Yes,Medium,Seniors,Food,Yes,635,1
193698,End-cap,7.95,3.06,No,Medium,Young adults,Food,No,1029,0
151572,Front of Store,29.0,26.1,Yes,Low,College students,Food,Yes,1602,1
158886,End-cap,33.24,29.24,Yes,Medium,Seniors,Electronics,Yes,664,1
111012,Front of Store,39.23,37.69,No,Medium,College students,Food,No,725,0
143251,Aisle,9.89,8.88,No,Low,Seniors,Electronics,No,2354,0
178611,Aisle,24.97,22.33,Yes,Medium,Seniors,Food,No,992,1
114824,Front of Store,43.12,40.43,Yes,High,Families,Clothing,Yes,852,1
168713,End-cap,29.88,26.59,Yes,High,Young adults,Food,Yes,2112,1
140868,Front of Store,19.11,16.4,No,Low,Families,Food,No,675,0
146780,End-cap,49.36,45.93,No,Low,College students,Electronics,No,2080,0
172105,Aisle,9.85,8.59,Yes,High,Families,Electronics,No,2299,1
111455,End-cap,27.05,26.24,Yes,High,College students,Electronics,Yes,2229,1
129927,End-cap,6.75,4.72,No,High,Seniors,Clothing,No,647,0
139494,Front of Store,32.22,31.89,No,Medium,Families,Food,Yes,1140,0
112511,End-cap,47.2,44.69,Yes,Medium,Young adults,Clothing,Yes,2587,1
146982,End-cap,29.92,29.86,Yes,Medium,Young adults,Clothing,Yes,972,1
171517,Front of Store,18.7,16.64,Yes,Medium,Young adults,Food,No,1069,1
181233,Front of Store,20.7,19.35,No,High,Seniors,Clothing,No,2632,0
147559,Aisle,16.97,16.54,No,High,College students,Clothing,No,2628,0
158151,Aisle,36.75,34.84,No,Low,Young adults,Food,No,626,0
199194,Front of Store,8.58,4.65,Yes,High,Seniors,Food,No,2315,1
187447,Front of Store,30.46,26.95,Yes,High,College students,Food,Yes,1253,1
175725,End-cap,39.97,39.71,Yes,Low,Young adults,Electronics,Yes,1083,1
131107,Aisle,31.79,26.83,No,Low,Young adults,Clothing,Yes,1089,0
186541,Aisle,40.59,35.65,Yes,High,Young adults,Clothing,No,2969,1
192046,Front of Store,20.24,20.18,Yes,Medium,Families,Food,No,1387,1
147306,Aisle,18.5,15.38,No,Low,College students,Clothing,Yes,1828,0
145684,Front of Store,46.36,42.96,Yes,Low,College students,Electronics,No,2267,1
118867,End-cap,11.15,8.08,No,Medium,Families,Electronics,Yes,2292,0
143823,End-cap,47.99,43.86,Yes,Medium,Young adults,Electronics,Yes,2230,1
194433,Aisle,21.67,18.77,No,Low,Young adults,Food,No,2207,0
180551,End-cap,30.83,30.37,No,Low,College students,Food,No,1999,0
180029,Aisle,37.72,33.07,No,Low,Families,Clothing,Yes,1301,0
158671,End-cap,28.37,27.34,Yes,Medium,Seniors,Food,Yes,1262,1
196932,Aisle,49.66,46.66,No,High,Young adults,Food,Yes,2085,0
188730,Aisle,22.04,19.16,Yes,Medium,Families,Electronics,Yes,2051,1
189853,End-cap,14.3,11.08,No,Low,Families,Food,No,2479,0
169236,End-cap,13.52,9.5,Yes,Low,Young adults,Food,No,2234,1
157660,End-cap,17.99,14.93,No,Medium,Young adults,Clothing,Yes,821,0
119645,End-cap,26.07,24.32,No,High,Young adults,Food,Yes,1634,0
142356,Aisle,27.16,23.47,No,Medium,Families,Food,Yes,1207,0
122078,End-cap,7.32,4.86,No,Medium,Young adults,Electronics,Yes,1124,0
161248,End-cap,12.8,11.34,No,Low,College students,Clothing,Yes,1167,0
171394,Front of Store,16.93,16.87,No,Low,College students,Clothing,No,2683,0
171225,Aisle,11.0,9.72,No,Medium,Young adults,Electronics,Yes,689,0
147968,Front of Store,10.27,10.14,No,Low,Families,Clothing,Yes,1995,0
135533,End-cap,30.99,27.34,Yes,Low,College students,Clothing,Yes,2915,1
175517,Aisle,37.72,37.04,No,High,Families,Clothing,Yes,1732,0
181234,End-cap,40.78,40.35,Yes,High,College students,Electronics,Yes,2262,1
128647,Front of Store,13.33,9.52,No,High,Young adults,Food,No,1187,0
178865,End-cap,7.73,5.13,Yes,Medium,Families,Electronics,No,2525,1
131452,Aisle,28.43,27.71,No,Medium,College students,Electronics,Yes,1056,0
146158,End-cap,41.9,40.31,Yes,Medium,Families,Food,Yes,2737,1
144475,Aisle,23.7,19.85,No,Medium,Young adults,Clothing,Yes,957,0
120176,Front of Store,45.03,44.13,No,Medium,Seniors,Clothing,No,2560,0
156007,Aisle,31.89,27.8,Yes,Low,College students,Clothing,No,648,1
138628,Aisle,37.83,33.08,No,Low,Families,Food,Yes,645,0
178302,Aisle,26.98,25.17,Yes,Medium,Young adults,Clothing,Yes,1725,1
144073,Front of Store,24.73,21.68,No,Medium,Young adults,Clothing,Yes,2293,0
186997,Aisle,28.66,27.62,Yes,Low,College students,Clothing,Yes,2064,1
173396,End-cap,35.55,34.13,No,Low,Families,Clothing,Yes,1356,0
115038,End-cap,18.36,16.02,No,Low,College students,Clothing,Yes,611,0
151967,Front of Store,31.14,30.98,Yes,Medium,Young adults,Clothing,Yes,2680,1
170937,Front of Store,16.58,15.92,No,Low,Young adults,Food,No,507,0
176947,End-cap,48.73,48.41,Yes,High,Young adults,Electronics,No,1562,1
181067,End-cap,29.39,26.88,No,Medium,Seniors,Food,No,1418,0
192831,Aisle,26.63,24.16,Yes,Low,Young adults,Clothing,Yes,762,1
119838,Aisle,25.61,21.23,Yes,Medium,College students,Electronics,No,2534,1
151923,Aisle,48.91,43.95,Yes,Medium,Families,Food,Yes,1701,1
186652,End-cap,23.64,18.82,Yes,Medium,College students,Clothing,Yes,747,1
169576,Aisle,45.3,43.21,Yes,Medium,Seniors,Clothing,Yes,1463,1
180911,End-cap,22.95,20.73,No,Low,Families,Electronics,Yes,1015,0
133294,Front of Store,41.51,41.39,Yes,Medium,Young adults,Food,No,2696,1
135689,End-cap,43.26,39.55,Yes,Medium,Families,Electronics,Yes,1063,1
190951,Aisle,44.53,40.86,No,High,Seniors,Electronics,No,2472,0
163002,Front of Store,6.35,3.89,Yes,High,Young adults,Clothing,No,1270,1
190010,Aisle,28.45,24.96,Yes,Medium,College students,Clothing,No,2312,1
177516,Aisle,9.19,4.71,No,Low,Families,Food,Yes,2082,0
113847,Front of Store,31.3,27.14,No,High,Families,Food,No,712,0
114370,Aisle,49.5,45.77,Yes,Medium,College students,Clothing,No,1017,1
154002,Aisle,28.11,27.36,Yes,High,Families,Food,No,887,1
125057,End-cap,30.59,30.0,Yes,Medium,College students,Food,Yes,660,1
159070,End-cap,19.25,18.54,No,High,College students,Electronics,Yes,1280,0
167705,Front of Store,15.21,13.53,Yes,Medium,Families,Electronics,Yes,2196,1
177177,Aisle,24.9,24.44,Yes,High,College students,Electronics,Yes,1432,1
192619,Aisle,26.75,22.76,Yes,High,College students,Food,No,2279,1
121605,Front of Store,13.58,11.21,No,Low,Young adults,Electronics,No,1145,0
149245,End-cap,10.6,7.52,No,High,College students,Electronics,No,771,0
194369,Aisle,9.81,9.53,No,High,College students,Food,Yes,2548,0
135894,End-cap,36.9,33.72,Yes,Low,Families,Electronics,Yes,1640,1
127177,End-cap,35.44,30.67,Yes,Medium,Families,Electronics,No,565,1
144780,Front of Store,7.65,4.84,Yes,High,Families,Electronics,No,1272,1
189870,End-cap,49.31,44.8,Yes,Low,Young adults,Electronics,Yes,582,1
179236,End-cap,33.41,28.67,Yes,Medium,Families,Clothing,Yes,1270,1
134887,End-cap,47.79,46.97,No,Low,Seniors,Electronics,Yes,2118,0
190184,End-cap,44.54,42.2,No,Low,College students,Clothing,Yes,2820,0
115318,Front of Store,21.79,17.46,No,High,College students,Food,Yes,2363,0
161907,Front of Store,34.69,31.14,No,Medium,Young adults,Clothing,Yes,1099,0
155997,End-cap,46.84,43.8,Yes,Low,College students,Food,No,2534,1
166744,Aisle,13.34,8.91,No,Medium,Families,Clothing,Yes,2309,0
129858,Front of Store,47.74,45.16,Yes,High,College students,Electronics,Yes,2018,1
158908,Front of Store,42.5,41.13,Yes,High,Seniors,Food,Yes,2100,1
192048,End-cap,20.39,18.04,No,High,Young adults,Electronics,No,2512,0
136294,End-cap,38.87,37.28,No,Low,College students,Food,Yes,1706,0
193043,Front of Store,49.14,45.02,No,Low,Families,Clothing,No,2743,0
192787,End-cap,19.84,19.13,Yes,Medium,Seniors,Food,No,2569,1
119150,End-cap,21.81,17.49,No,High,College students,Food,No,1556,0
115266,Front of Store,27.9,25.48,No,Low,Families,Electronics,No,1549,0
121186,Front of Store,6.77,5.62,No,Medium,Young adults,Electronics,No,989,0
144385,Aisle,39.44,38.08,No,High,Families,Food,No,834,0
161594,End-cap,49.52,45.71,Yes,Low,College students,Food,Yes,2108,1
114320,Aisle,6.11,1.77,Yes,Low,College students,Clothing,No,558,1
167648,Aisle,39.47,39.39,No,High,Young adults,Electronics,No,2990,0
198500,Front of Store,29.39,26.11,Yes,Medium,College students,Clothing,Yes,1581,1
120916,Front of Store,8.01,5.23,No,Low,Families,Electronics,No,1139,0
180422,Aisle,22.74,19.43,Yes,Medium,Seniors,Clothing,No,1408,1
136977,End-cap,20.56,17.87,Yes,Low,College students,Clothing,Yes,685,1
145902,Aisle,11.9,9.17,Yes,High,Young adults,Electronics,Yes,2314,1
135734,Aisle,20.45,19.41,Yes,High,Seniors,Clothing,No,2805,1
153230,End-cap,29.28,26.59,No,Low,Seniors,Food,Yes,565,0
153722,Aisle,47.67,43.0,No,Medium,Seniors,Food,Yes,1058,0
147361,End-cap,32.84,32.42,No,Low,Seniors,Food,Yes,563,0
158227,Aisle,11.54,9.37,No,High,Families,Clothing,No,2721,0
197123,Front of Store,37.09,33.18,Yes,High,College students,Electronics,No,2625,1
140321,End-cap,39.47,36.13,No,High,Seniors,Food,Yes,687,0
177510,Front of Store,37.07,36.38,Yes,High,Young adults,Food,No,1768,1
135786,Aisle,27.36,25.74,Yes,Medium,Seniors,Electronics,Yes,2987,1
184980,End-cap,47.39,44.9,Yes,Medium,Seniors,Electronics,No,2788,1
152671,Aisle,47.12,46.0,Yes,High,Families,Food,No,1380,1
155722,End-cap,29.53,26.18,Yes,High,Families,Clothing,Yes,1484,1
171570,End-cap,15.7,11.02,Yes,High,Seniors,Clothing,Yes,1353,1
181417,Aisle,40.19,38.73,Yes,Medium,Young adults,Clothing,No,2728,1
157514,Front of Store,17.49,13.3,No,Medium,College students,Electronics,Yes,937,0
170515,Front of Store,38.45,38.05,No,Low,Families,Electronics,Yes,533,0
179736,Aisle,17.03,13.4,No,High,Young adults,Electronics,No,1452,0
137969,End-cap,38.82,34.28,No,High,Families,Electronics,Yes,1987,0
146503,Front of Store,27.63,26.37,Yes,High,Young adults,Electronics,No,2410,1
115333,Front of Store,16.49,13.55,No,High,Seniors,Food,No,962,0
162808,End-cap,36.43,33.6,Yes,Low,Young adults,Electronics,No,775,1
114390,Front of Store,33.0,29.31,No,Low,Young adults,Clothing,No,2674,0
154882,Aisle,20.81,18.58,No,Low,College students,Food,Yes,889,0
148460,Aisle,20.89,17.37,No,Medium,College students,Food,Yes,1433,0
188481,Front of Store,29.43,28.15,Yes,High,Young adults,Electronics,No,1879,1
197435,Aisle,11.51,6.97,No,Medium,Young adults,Clothing,No,2270,0
157169,End-cap,22.77,22.64,No,Low,Young adults,Clothing,Yes,841,0
184945,Front of Store,47.52,43.76,Yes,Low,Families,Food,No,1220,1
140927,Aisle,46.55,44.71,No,Low,Young adults,Food,Yes,1745,0
174621,Aisle,26.66,26.54,No,Medium,Families,Clothing,Yes,680,0
137475,Front of Store,9.68,4.75,No,Low,College students,Food,Yes,2258,0
184176,Aisle,8.74,5.79,Yes,Medium,Families,Electronics,Yes,2278,1
149169,End-cap,37.42,36.79,Yes,Medium,College students,Electronics,No,2283,1
138995,Front of Store,43.32,42.81,No,High,Young adults,Electronics,No,541,0
110220,Front of Store,48.11,44.43,Yes,Low,Seniors,Electronics,Yes,660,1
133770,Front of Store,19.87,18.07,Yes,High,College students,Electronics,Yes,1978,1
165819,Front of Store,7.09,2.82,Yes,Medium,Families,Electronics,No,1801,1
191957,Front of Store,24.07,19.86,Yes,Medium,College students,Food,Yes,1199,1
178701,End-cap,20.04,15.24,No,Low,Young adults,Clothing,Yes,2921,0
181111,Front of Store,46.12,43.68,No,High,Families,Food,No,633,0
183252,Aisle,23.24,19.35,Yes,Medium,Young adults,Clothing,No,792,1
182755,End-cap,9.14,8.68,No,High,Young adults,Food,No,1380,0
143247,Aisle,35.4,33.28,No,Medium,Families,Clothing,Yes,2845,0
118346,Front of Store,49.68,46.58,No,High,Seniors,Clothing,Yes,2656,0
182563,Aisle,13.1,13.0,No,Low,Families,Clothing,Yes,2211,0
120300,End-cap,16.18,15.84,Yes,Low,Young adults,Food,Yes,2698,1
184596,Aisle,41.83,37.17,Yes,Low,Young adults,Clothing,No,2745,1
165690,End-cap,20.4,18.71,No,Low,College students,Food,Yes,2069,0
148366,End-cap,19.63,17.77,No,Medium,Seniors,Food,No,935,0
154931,Aisle,31.27,28.47,Yes,Medium,Families,Clothing,Yes,1514,1
129915,Front of Store,14.36,12.58,No,High,Seniors,Electronics,Yes,2302,0
129854,End-cap,13.36,12.36,No,Low,Families,Clothing,Yes,1864,0
196418,Aisle,39.11,35.48,Yes,Medium,Seniors,Food,Yes,1456,1
147140,Aisle,12.72,11.72,No,Low,Seniors,Food,Yes,2224,0
176622,End-cap,14.7,14.24,No,Low,Young adults,Electronics,No,2168,0
180566,Aisle,33.32,32.9,Yes,High,College students,Clothing,Yes,1897,1
124273,End-cap,44.99,44.48,Yes,High,Young adults,Food,Yes,2343,1
159902,Aisle,34.75,31.6,No,Medium,Seniors,Electronics,No,1889,0
163182,Aisle,43.05,41.66,No,Low,Seniors,Electronics,No,1390,0
121303,Front of Store,24.35,23.42,Yes,High,Young adults,Clothing,Yes,1130,1
162658,End-cap,11.56,8.61,No,Medium,Families,Electronics,Yes,1133,0
146858,Front of Store,47.72,46.78,No,Medium,College students,Food,Yes,565,0
174565,Aisle,21.3,18.71,Yes,High,Seniors,Electronics,No,890,1
160629,Aisle,22.82,19.13,No,Medium,Seniors,Electronics,Yes,2538,0
150654,End-cap,6.38,5.25,Yes,Medium,Young adults,Electronics,No,2884,1
